{
    "TTT": 0.8926419079015143,
    "TTC": 1.0,
    "TTA": 0.2060681651508744,
    "TTG": 0.3804925834131823,
    "TCT": 0.8997083415128583,
    "TCC": 0.9011305772674645,
    "TCA": 0.71110986470732,
    "TCG": 0.1891753837031814,
    "TAT": 0.8459196033050332,
    "TAC": 1.0,
    "TGT": 1.0,
    "TGC": 0.9672849327608378,
    "TGG": 1.0,
    "CTT": 0.38764098473858605,
    "CTC": 0.49374929741824625,
    "CTA": 0.22820390662220102,
    "CTG": 1.0,
    "CCT": 1.0,
    "CCC": 0.8908353177455006,
    "CCA": 0.9592382965003128,
    "CCG": 0.2607284508377262,
    "CAT": 0.8351363838925661,
    "CAC": 1.0,
    "CAA": 0.37471824766701545,
    "CAG": 1.0,
    "CGT": 0.37405075969575746,
    "CGC": 0.642211525036877,
    "CGA": 0.5511633694919781,
    "CGG": 0.7879347080498006,
    "ATT": 0.7992441972381792,
    "ATC": 1.0,
    "ATA": 0.38176955107747484,
    "ATG": 1.0,
    "ACT": 0.8359777785761762,
    "ACC": 1.0,
    "ACA": 0.995021736396788,
    "ACG": 0.25816686726426785,
    "AAT": 0.9020894995662193,
    "AAC": 1.0,
    "AAA": 0.7422882620054227,
    "AAG": 1.0,
    "AGT": 0.7437772177863602,
    "AGC": 1.0,
    "AGA": 1.0,
    "AGG": 0.9652749534105878,
    "GTT": 0.42868921999710735,
    "GTC": 0.5243298935254973,
    "GTA": 0.2974576435452535,
    "GTG": 1.0,
    "GCT": 0.8357216268971837,
    "GCC": 1.0,
    "GCA": 0.708431661554396,
    "GCG": 0.2090570848105804,
    "GAT": 0.9253086679541795,
    "GAC": 1.0,
    "GAA": 0.7868463725836298,
    "GAG": 1.0,
    "GGT": 0.6000316780856688,
    "GGC": 1.0,
    "GGA": 0.8736511430509246,
    "GGG": 0.7556807336319737
}