{
    "TTT": 1.0,
    "TTC": 0.7187402645217933,
    "TTA": 0.2633356171087403,
    "TTG": 0.25039150435548596,
    "TCT": 0.5308588522396285,
    "TCC": 0.5607730457372274,
    "TCA": 0.487089663858931,
    "TCG": 0.5517594269070298,
    "TAT": 1.0,
    "TAC": 0.7431989195446653,
    "TGT": 0.8219274444779419,
    "TGC": 1.0,
    "TGG": 1.0,
    "CTT": 0.22016002740530488,
    "CTC": 0.2052828618968386,
    "CTA": 0.07374963296466673,
    "CTG": 1.0,
    "CCT": 0.31834862385321105,
    "CCC": 0.24581595774256326,
    "CCA": 0.3684181262162914,
    "CCG": 1.0,
    "CAT": 1.0,
    "CAC": 0.7194661170813091,
    "CAA": 0.49590827721421876,
    "CAG": 1.0,
    "CGT": 0.9770297385523043,
    "CGC": 1.0,
    "CGA": 0.17582582132910063,
    "CGG": 0.28289059926327453,
    "ATT": 1.0,
    "ATC": 0.8080230440123692,
    "ATA": 0.16800101664760453,
    "ATG": 1.0,
    "ACT": 0.3910671199824523,
    "ACC": 1.0,
    "ACA": 0.34453827593770564,
    "ACG": 0.6476475104189515,
    "AAT": 0.86459395670037,
    "AAC": 1.0,
    "AAA": 1.0,
    "AAG": 0.3179725220438827,
    "AGT": 0.5741163504683933,
    "AGC": 1.0,
    "AGA": 0.12269773292204486,
    "AGG": 0.07627803899254289,
    "GTT": 0.6926487859830781,
    "GTC": 0.5666690635411424,
    "GTA": 0.4128136909470051,
    "GTG": 1.0,
    "GCT": 0.47013945223471243,
    "GCC": 0.7897979680920926,
    "GCA": 0.6357244949202303,
    "GCG": 1.0,
    "GAT": 1.0,
    "GAC": 0.5891492270075663,
    "GAA": 1.0,
    "GAG": 0.47561367433491836,
    "GGT": 0.853737955476797,
    "GGC": 1.0,
    "GGA": 0.30470705504485546,
    "GGG": 0.4062465389301141
}