{
    "TTT": 0.8767466217079214,
    "TTC": 1.0,
    "TTA": 0.20108082337337604,
    "TTG": 0.33051335306305146,
    "TCT": 0.7771138556927846,
    "TCC": 0.8873543677183859,
    "TCA": 0.640702035101755,
    "TCG": 0.22813640682034103,
    "TAT": 0.8201924837731703,
    "TAC": 1.0,
    "TGT": 0.8703125,
    "TGC": 1.0,
    "TGG": 1.0,
    "CTT": 0.33961489010445595,
    "CTC": 0.48297487630886904,
    "CTA": 0.18168331520126596,
    "CTG": 1.0,
    "CCT": 0.8865410345151049,
    "CCC": 1.0,
    "CCA": 0.8579504218732257,
    "CCG": 0.3591970338041659,
    "CAT": 0.7371498557939237,
    "CAC": 1.0,
    "CAA": 0.36671058410188845,
    "CAG": 1.0,
    "CGT": 0.36838644452298563,
    "CGC": 0.8601135924644305,
    "CGA": 0.5042864305499618,
    "CGG": 0.9438531024222647,
    "ATT": 0.7992742924351242,
    "ATC": 1.0,
    "ATA": 0.3801506468807087,
    "ATG": 1.0,
    "ACT": 0.7252588490248014,
    "ACC": 1.0,
    "ACA": 0.8222650292960911,
    "ACG": 0.32141691414506246,
    "AAT": 0.9191289168937331,
    "AAC": 1.0,
    "AAA": 0.7950214966664589,
    "AAG": 1.0,
    "AGT": 0.6357917895894795,
    "AGC": 1.0,
    "AGA": 1.0,
    "AGG": 0.9688894733813896,
    "GTT": 0.3999862526545039,
    "GTC": 0.509288502516126,
    "GTA": 0.2598393007665954,
    "GTG": 1.0,
    "GCT": 0.6537310461999987,
    "GCC": 1.0,
    "GCA": 0.5729894576707353,
    "GCG": 0.2697642015767287,
    "GAT": 0.8815666623332112,
    "GAC": 1.0,
    "GAA": 0.757026427979267,
    "GAG": 1.0,
    "GGT": 0.476573167575479,
    "GGC": 1.0,
    "GGA": 0.743393633256285,
    "GGG": 0.7274410759386352
}